Action Label,Stage 1,Stage 2,Stage 3
shaking body,"Head and torso subtly tense, ready to initiate oscillatory motion from a stable sitting position.","Torso and head rapidly oscillate with small amplitude, achieving peak speed in a localized, rhythmic shaking.","The oscillatory motion decelerates, and the head and torso return to a stable, stationary posture."
sitting straightly,"Torso is initially in a relaxed or slightly misaligned posture, with overall low speed, preparing for an upward adjustment.","Torso and head gently move upwards to achieve spinal alignment, driven by slight back muscle engagement, with very low peak speed and minimal amplitude.","The body decelerates into a stable, upright sitting position, maintaining a straight posture with torso and head vertically aligned."
shrugging,"Shoulders are in a relaxed posture, with arms crossed, preparing for an upward movement.","Shoulders rapidly elevate, moving upwards towards the head, showing a distinct and swift lift.",Shoulders decelerate and return to their initial relaxed and stable position.
turning around,"Torso and head are oriented forward, at low speed, preparing to rotate laterally.","The torso rapidly rotates to one side, driven by the upper body, with the head following, achieving a full turning motion at peak speed.","The torso and head decelerate, returning to a stable, forward-facing position."
rising up,"Torso and legs are positioned in a seated posture, with the torso often leaning slightly forward and overall speed being low, preparing for an upward movement.","In a short burst, legs drive the motion by rapidly extending, and the torso straightens, moving the body upward with a clear speed peak and significant vertical amplitude.","The action decelerates as the body stabilizes into an upright standing posture, with legs fully extended and the torso aligned, coming to rest in a stable, elevated position."
bowing head,"The head is in a neutral, upright position with low overall speed, preparing to move downwards towards the torso.","Driven by the head, it quickly moves downwards and slightly forward, reaching a speed peak with a significant downward arc.","The motion decelerates, and the head settles into a stable bowed posture, resting close to the torso."
head up,"Head is in a slightly lowered or neutral position, overall speed is low, preparing to move upwards.","Driven by the head, it quickly moves upwards, reaching a speed peak with moderate amplitude.","The head decelerates and stabilizes in an elevated position, maintaining an upright posture."
tilting head,"The head is in an upright, neutral position, with low initial velocity, preparing for lateral movement towards a shoulder.","The head moves laterally from the neck, quickly reaching maximum tilt towards one shoulder, showing a speed peak.","The movement decelerates as the head returns to its initial upright, stable position."
turning head,"Head is in a neutral position, with low speed, preparing to turn.","The head rapidly rotates to the left or right, reaching a speed peak and moderate amplitude.","The head decelerates, returning to a stable, often central, position."
nodding,"The head is in a neutral or slightly upright position, with low initial speed, preparing for a downward movement.","The head quickly moves downwards, driven by the neck, then immediately reverses direction to move upwards, reaching a moderate amplitude.","The head decelerates and returns to its original neutral or slightly upright position, stabilizing the posture."
shaking head,"The head is in a neutral, forward-facing position, with initial low speed, preparing for lateral motion.","The head quickly moves from side to side, driven by the neck, reaching peak speed during its oscillation and reversing direction multiple times, with moderate amplitude.","The head decelerates from its lateral movement and returns to a stable, neutral posture, ending the oscillation."
scratching arms,"One hand is positioned on the other arm, with low initial speed, preparing to make contact for scratching.","The hand quickly moves back and forth on the arm, driven by the wrist and fingers, performing a scratching motion with moderate amplitude.","The scratching motion decelerates, and the hand either pauses on the arm or returns to a resting position."
playing objects,"Hands are in a low initial posture, holding a small object near the lap or torso, with overall low speed, preparing for manipulation.","Fingers and hands subtly manipulate the object with small, intricate movements like turning or adjusting, localized to the hands at low to moderate speed and small amplitude.","The manipulation ceases, hands decelerate, and the object is either held steadily or placed back near the lap or torso, returning to a stable position."
putting hands together,"The hands are resting on the lap, often with one hand slightly over the other, at a low overall speed, preparing to approach each other.","Driven by the arms, the hands move inward and slightly upward, making contact and clasping together with a moderate speed peak and relatively small amplitude.","The action decelerates as the hands remain stably clasped together, coming to a halt in front of the body."
rubbing hands,"The hands are initially separated, resting on the thighs, then begin to move towards each other slowly in front of the torso.","The hands meet, making brief palm-to-palm contact with a subtle, short rubbing motion, then quickly interlace.","The clasped hands remain together in front of the torso, reducing all movement and holding a stable posture."
pointing oneself,"The dominant hand, often starting from a relaxed or lowered position, begins to lift and move towards the torso, with overall low speed, preparing to point.","The arm, primarily driven by the elbow, quickly moves the hand towards the chest or upper torso. The index finger typically extends, lightly touching or directly pointing at oneself, reaching a speed peak.","The action decelerates, and the hand either holds the pointing position on the torso briefly or retracts to a relaxed, neutral position, recovering to near the initial relative position."
clenching fist,"The hands are relaxed with fingers extended, often resting on the thighs. Movement speed is low as the fingers prepare to curl inward.","In a short period, the fingers rapidly curl inward, led by the hand, forming a tight fist. The movement is localized with a small amplitude.","The action decelerates, and the fist is either held tightly or the fingers gradually relax, returning to a stable resting position."
stretching arms,"Arms bent at the elbows, positioned near the torso or on the lap, with low overall speed, preparing for extension.","Arms rapidly extend outwards or upwards from the body, driven by the shoulders and elbows, reaching full extension with peak speed.","Arms decelerate and smoothly return to a relaxed position, either to the sides or resting on the lap."
retracting arms,"Arms are initially in a relaxed or slightly extended position, typically resting on the legs, preparing for inward movement towards the torso.","The elbows quickly bend, drawing forearms and hands inward and slightly upward towards the torso with moderate speed, achieving a small to moderate range of motion.","Arms then smoothly extend downward and outward, decelerating as they return to a relaxed, stable resting position, often back on the legs."
waving,"Hands are resting on the lap or by the sides, with low overall speed, preparing for an upward and outward motion.","In a very short time, driven by the wrist and arm, one or both hands move upwards and outwards, performing a repetitive back-and-forth motion, reaching a speed peak and moderate amplitude.","The motion decelerates and hands return to a stable resting posture, approaching their initial relative placement."
spreading hands,"Hands are in a relaxed or closed posture, often resting on the legs or by the torso, preparing to move outwards.","In a short burst of motion, hands and fingers actively extend and spread outwards from the body or from each other, reaching maximum separation or openness.","The spreading motion ceases, and the hands decelerate, settling into an open, stable position, often resting on the legs or held briefly in the air."
hands touching fingers,"The hands are initially separated, often resting on the lap or knees, moving at a low overall speed, preparing or approaching towards the center of the body.","Driven by the arms, the hands move inward with moderate speed, where the fingers of one hand lightly touch the fingers of the other, resulting in a gentle contact. The motion amplitude is moderate.","The action decelerates, and the hands remain in a stable posture with fingers touching, resting either on the lap or held in front of the torso."
other finger movements,"The hand is in a relaxed position, often resting on the leg or near the trunk, with fingers in a neutral posture and low overall speed, preparing for movement.","Driven by the fingers, they perform localized small movements such as rubbing, tapping, or subtle gestures. This phase involves moderate speed and a small range of motion.","The finger movements decelerate, with the hand and fingers either returning to a relaxed, stable posture or remaining in light contact with a nearby body part like the face or other hand."
illustrative gestures,"The hands and arms are in a relaxed, resting position, often near the torso or lap. The overall speed is low, as they prepare for an expressive movement.","Driven primarily by the wrist and forearm, the hand moves briefly outwards or forwards with a quick burst of speed, reaching a moderate range of motion before changing direction.","The movement decelerates, and the hand and arm return to a stable, resting position, typically near the initial location or on the lap."
shaking legs,"The legs are bent with feet relaxed or slightly elevated, preparing for movement at a low initial speed.","The lower legs oscillate rapidly, driven by the knees, with small-amplitude up-and-down or back-and-forth movements, reaching a peak velocity.","The shaking motion continues or decelerates, bringing the legs and feet back to a relaxed, stable position."
curling legs,"The legs are initially in a relaxed, downward position, with the feet resting on the floor or slightly extended. Overall speed is low, preparing for movement.","Driven by the knee joint, one leg is lifted and bent, bringing the foot backward and inward towards the body. There is a brief speed peak as the leg performs the curl.","The leg decelerates and settles into a bent, tucked position, with the foot often resting on the other leg."
spread legs,"Legs are initially close together, preparing to spread outwards.","Legs move outwards, driven by the hip, reaching maximum spread.","Legs decelerate, settling into a stable, widely spread position."
closing legs,"Legs are initially in an open posture, with low initial speed, preparing to move inward.","The legs rapidly move inward, driven by the hip joints, bringing the knees and thighs close together, often touching, with movement speed peaking.","The legs decelerate and come to rest in a stable, closed position, with the knees and thighs touching or nearly touching."
crossing legs,"Legs are initially parallel or slightly apart, with feet typically on the ground; one leg prepares to lift or shift inward, and overall speed is low.","One leg, driven by the hip and knee, quickly lifts and sweeps inward and upward, crossing over the other leg; speed peaks during this distinct lateral and vertical movement.","The active leg decelerates as it settles onto the other leg, forming a stable crossed posture, with the feet potentially off the ground or resting against each other."
stretching feet,"Feet are positioned flat on the ground or relaxed, preparing for forward extension.","Feet swiftly extend forward, causing heels to lift off the ground with moderate amplitude.","Movement decelerates as feet retract, returning to a stable, flat position on the ground."
retracting feet,"Feet are initially placed slightly forward on the floor, at a low overall speed, preparing to move backward.","The feet are swiftly pulled backward towards the body, led by the lower legs, with a moderate and controlled movement.","The action decelerates as the feet settle into a new, more retracted and stable position closer to the body."
tiptoe,"The feet are positioned flat on the floor, stationary and at a low overall speed, ready to initiate upward movement.","In a very short time, driven by the ankles, the feet move upwards, lifting the heels off the floor to rest on the balls of the feet and toes, reaching a moderate amplitude.","The movement decelerates as the heels return to the floor, restoring the feet to their initial flat and stable position."
scratching or touching neck,"The dominant hand is at rest, often near the lap, with low initial speed, preparing to move towards the neck.","Driven by the arm, the hand moves swiftly upwards towards the neck, making a light touch or brief scratching motion on the neck, reaching a speed peak upon approach.","The action decelerates, and the hand either lingers on the neck or returns to a relaxed position, typically near the lap or side."
scratching or touching chest,"Hand(s) move with low speed from a relaxed position, beginning to approach or adjust on the torso.","The arm(s) lead the hand(s) to move towards or across the torso, making brief contact or a gentle adjusting movement with small to moderate amplitude.","The movement decelerates, and the hand(s) either settle on the torso or return to a relaxed, stable position."
scratching or touching back,"A bent arm positions the hand near the torso or on the leg, preparing to move towards the back.","The arm extends and sweeps, moving the hand backward and upward to lightly touch the back of the torso with moderate speed.","The hand either pauses briefly on the back or moves away, returning to a relaxed position near the torso."
scratching or touching shoulder,"One hand is positioned near the side of the body or lap, then slowly prepares to move towards the opposite shoulder.","The arm bends at the elbow, swiftly bringing the hand to make light contact with the opposite shoulder. The movement involves a moderate range of motion.","The hand slows its movement, maintaining contact by touching or lightly rubbing the shoulder, or remaining stationary on the shoulder."
arms akimbo,"Arms are initially relaxed by the sides of the torso, with hands positioned near the thighs, preparing to move.","The arms swiftly bend at the elbows, and hands are brought inwards towards the hips, while elbows move outwards, displaying moderate speed.","The hands come to a stable rest on the hips, with the elbows pointing distinctly outwards, maintaining a steady akimbo posture."
crossing arms,"Arms begin to move horizontally inward from the sides of the torso, preparing to cross.","Arms swiftly move across the chest, one passing over the other, reaching peak speed.","Arms decelerate and come to rest in a stable crossed position across the torso, with hands often grasping opposite upper arms."
playing or tidying hair,"The hand is positioned near the lap or side, moving slowly towards the head.","The arm quickly extends, bringing the hand to lightly touch and adjust the hair on the head with a moderate range of motion.","The hand decelerates and retracts from the head, returning to a stable resting position near the lap or side."
scratching or touching hindbrain,"The hand is at a resting position, moving at a low speed, preparing to approach the hindbrain area of the head.","The arm rapidly moves upwards, driven by the elbow and shoulder, and the fingers make brief contact or scratch the hindbrain area with moderate amplitude.","The hand decelerates and either remains in gentle contact with the hindbrain or returns to a lower, stable position."
scratching or touching forehead,"The hand is positioned near the side of the head or upper body, with low overall speed, preparing to move towards the forehead.","Driven by the arm, the hand quickly moves upward to lightly touch or scratch the forehead, exhibiting a speed peak with moderate amplitude.","The arm decelerates, and the hand moves back down to a resting position, restoring to near its initial relative position."
scratching or touching face,"The hand is in a relaxed position near the lap or torso, with low initial speed, preparing to move towards the face.","Driven by the arm, the hand moves quickly upwards towards the face, making brief contact (touching or lightly scratching) with a moderate amplitude.","The hand decelerates and either returns to a stable, relaxed position or briefly rests on the face."
rubbing eyes,"The hand is positioned near the torso or slightly elevated, slowly preparing to approach the eye area.","The arm quickly brings the hand to the eye, where fingers or palm perform a short-amplitude rubbing motion with moderate speed.","The hand decelerates, moves away from the eye, and returns to a resting position near the torso or remains close to the face."
touching nose,"The hand is positioned near the torso or slightly raised, moving slowly to approach the nose.","The arm rapidly lifts the hand, driven by the elbow and shoulder, to briefly and lightly touch the nose with a moderate range of motion.",The hand decelerates and either returns to a stable position near the body or remains momentarily on the nose.
touching ears,"The hand is in a relaxed position, moving at a low speed, preparing to approach the ear.","Driven by the arm, the hand swiftly moves to touch the ear, with fingers making gentle contact, demonstrating moderate amplitude.","The action decelerates, and the hand either returns to a stable, relaxed position or briefly remains touching the ear."
covering face,"Hands are initially low, then arms initiate an upward movement with low speed towards the face.","The arms swiftly bring hands up, rapidly moving towards and making contact with the face to cover it, often involving both hands.",Hands either remain covering the face or decelerate and slowly return to their initial resting position.
covering mouth,"The hand is positioned low, near the lap, with low initial speed, preparing to move towards the mouth.","The arm quickly brings the hand upwards, contacting or closely covering the mouth with significant upward movement.","The hand decelerates and remains held covering the mouth, or gently returns to a stable resting position near the lap."
pushing glasses,"The hand is positioned near the body, moving at a low speed, beginning to approach the head towards the glasses.","Driven by the arm, the hand moves quickly upwards to make brief, light contact with the glasses, performing a small pushing motion.","The hand decelerates, moving away from the head and returning to a stable, resting position near its initial location."
patting legs,"Hands are positioned above or resting on the legs, with low initial speed, preparing for a downward motion.","Driven by the arms, hands quickly move downwards, briefly touching the legs, then immediately reversing direction with moderate amplitude.","Hands decelerate as they lift off the legs, returning to a position above the legs, either resting or preparing for the next pat."
touching legs,"Hands are initially positioned low, with low overall speed, preparing to approach the legs.","Hands, driven by the arms, move upward and forward to contact the legs with moderate amplitude.","The action decelerates as hands settle and rest on the legs, maintaining a stable position."
scratching legs,"The hand is resting on a leg or lap, moving slowly as it prepares to approach the target leg.","The arm quickly moves, driven by the elbow, and the fingers make distinct scratching contact with the leg, exhibiting moderate amplitude.","The arm decelerates and retracts, returning the hand to a resting position on a leg or lap, restoring a stable posture."
scratching feet,"The hand is positioned near the crossed foot, maintaining low speed, and prepares to make contact.","Led by the fingers, the hand rapidly initiates small, localized scratching movements directly on the surface of the foot.",The hand decelerates the scratching action and either lightly rests on the foot or returns to a stable resting position.
